	title	link	source	salary_min	salary_max
0	Ведущий аналитик	https://hhcdn.ru/click	hh.ru		
1	Бизнес-аналитик	https://spb.hh.ru/vacancy/51195397	hh.ru		
2	Продуктовый аналитик (удаленно)	https://spb.hh.ru/vacancy/50854876	hh.ru		
3	Аналитик данных	https://spb.hh.ru/vacancy/49548884	hh.ru		
4	Аналитик направления цифрового маркетинга (BI\SQL\Python)	https://spb.hh.ru/vacancy/49881796	hh.ru		
5	Аналитик (техническая документация)	https://spb.hh.ru/vacancy/51720768	hh.ru	60000	
6	Аналитик по продажам	https://spb.hh.ru/vacancy/51725117	hh.ru	130000	
7	Андеррайтер / Кредитный аналитик МСБ (удаленно)	https://spb.hh.ru/vacancy/50701235	hh.ru		
8	Бизнес-аналитик	https://spb.hh.ru/vacancy/48420353	hh.ru		
9	Системный аналитик	https://spb.hh.ru/vacancy/49229072	hh.ru		
10	Системный аналитик	https://spb.hh.ru/vacancy/49614252	hh.ru		
11	Аналитик качества данных/Data Steward	https://spb.hh.ru/vacancy/51714877	hh.ru		
12	Разработчик отчетности/Аналитик данных	https://spb.hh.ru/vacancy/48328351	hh.ru		
13	Финансовый аналитик	https://spb.hh.ru/vacancy/51613168	hh.ru		
14	Системный аналитик в команду Штрафы	https://spb.hh.ru/vacancy/49970431	hh.ru		
15	Интернет-маркетолог/web-аналитик	https://spb.hh.ru/vacancy/51643745	hh.ru		
16	Ведущий аналитик данных / Senior data analyst	https://spb.hh.ru/vacancy/51711011	hh.ru		
17	Системный аналитик	https://spb.hh.ru/vacancy/50099980	hh.ru		
18	Аналитик (Бизнес-аналитик)	https://spb.hh.ru/vacancy/49294117	hh.ru		
19	Системный аналитик	https://spb.hh.ru/vacancy/49313691	hh.ru		
20	Аналитик по операционной эффективности	https://spb.hh.ru/vacancy/51715715	hh.ru	150000	
21	Аналитик данных / Data Analyst	https://spb.hh.ru/vacancy/51768885	hh.ru		220000
22	Аналитик Power BI/стажер	https://spb.hh.ru/vacancy/50865173	hh.ru	25000	
23	Аналитик / Бизнес-аналитик	https://spb.hh.ru/vacancy/51287074	hh.ru	200000	
24	Product Analyst	https://spb.hh.ru/vacancy/50929726	hh.ru		
25	Аналитик (экономический отдел)	https://spb.hh.ru/vacancy/51771472	hh.ru	91000	
26	Бизнес-аналитик (Junior)	https://spb.hh.ru/vacancy/51705080	hh.ru		
27	Аналитик (Удаленно)	https://spb.hh.ru/vacancy/51627722	hh.ru	100000	
28	Аналитик (экономический отдел)	https://spb.hh.ru/vacancy/51771473	hh.ru	91000	
29	Главный маркетолог-аналитик	https://spb.hh.ru/vacancy/50646831	hh.ru	1000000	
30	Аналитик данных (Департамент закупок)	https://spb.hh.ru/vacancy/33368305	hh.ru		150000
31	Старший аналитик данных и отчетности	https://spb.hh.ru/vacancy/51790376	hh.ru		
32	Аналитик данных / Data scientist	https://spb.hh.ru/vacancy/49598346	hh.ru		
33	Analyst	https://spb.hh.ru/vacancy/51353784	hh.ru		250000
34	Бизнес-аналитик (Junior)	https://spb.hh.ru/vacancy/51705705	hh.ru		
35	Стажер-аналитик Anaplan	https://spb.hh.ru/vacancy/51771274	hh.ru		
36	Ведущий digital-аналитик	https://spb.hh.ru/vacancy/49346713	hh.ru		
37	Бизнес-аналитик (аналитика бизнес-процессов)	https://spb.hh.ru/vacancy/50642850	hh.ru		
38	Аналитик в IT старт-ап	https://spb.hh.ru/vacancy/50738365	hh.ru		
39	Продуктовый аналитик/Senior product analyst	https://spb.hh.ru/vacancy/50453970	hh.ru		
40	Бизнес-аналитик	https://spb.hh.ru/vacancy/49955539	hh.ru		
41	Аналитик департамента продаж	https://spb.hh.ru/vacancy/50130071	hh.ru		
42	Начинающий аналитик по отчетности	https://spb.hh.ru/vacancy/49849691	hh.ru		44700
43	BI Analyst	https://spb.hh.ru/vacancy/51700507	hh.ru		250000
44	Системный аналитик	https://spb.hh.ru/vacancy/51695954	hh.ru		
45	Lead BI Аналитик / Ведущий Аналитик Данных (удаленно)	https://spb.hh.ru/vacancy/50914149	hh.ru		
46	Аналитик данных	https://spb.hh.ru/vacancy/50568773	hh.ru		
47	Аналитик (маркетинговые исследования; удалённая работа)	https://spb.hh.ru/vacancy/51616639	hh.ru		
48	Бизнес-аналитик	https://spb.hh.ru/vacancy/51599473	hh.ru		200000
49	Аналитик данных (продажи на маркетплейсах)	https://spb.hh.ru/vacancy/51720790	hh.ru		
50	Букмекер-аналитик	https://spb.hh.ru/vacancy/50577239	hh.ru		
51	CRM администратор / аналитик	https://spb.hh.ru/vacancy/50991212	hh.ru	140000	
52	Ведущий аналитик в команду маркетинга	https://spb.hh.ru/vacancy/51268510	hh.ru	200000	
53	Младший аналитик коммерческого отдела	https://spb.hh.ru/vacancy/51655381	hh.ru		15000
54	Бизнес-аналитик (удаленный формат работы)	https://spb.hh.ru/vacancy/51645646	hh.ru		
55	Аналитик на маркетплейсы	https://spb.hh.ru/vacancy/51411836	hh.ru	100000	
56	Старший/Ведущий системный аналитик	https://spb.hh.ru/vacancy/51058339	hh.ru		
57	Системный аналитик	https://spb.hh.ru/vacancy/50552288	hh.ru		
58	Финансовый аналитик	https://spb.hh.ru/vacancy/50912607	hh.ru		
59	Аналитик клиентских данных	https://spb.hh.ru/vacancy/50358503	hh.ru		
60	Младший аналитик	https://spb.hh.ru/vacancy/49189879	hh.ru	75000	
61	Аналитик	https://spb.hh.ru/vacancy/51789852	hh.ru		67500
62	Младший аналитик (можно без опыта)	https://spb.hh.ru/vacancy/51374916	hh.ru		
63	Аналитик	https://spb.hh.ru/vacancy/50888227	hh.ru		
64	Аналитик SQL	https://spb.hh.ru/vacancy/43342136	hh.ru		
65	Аналитик количественных исследований	https://spb.hh.ru/vacancy/51507809	hh.ru		
66	Аналитик С (удаленно)	https://spb.hh.ru/vacancy/51647313	hh.ru		
67	Аналитик по работе с маркетплейсами	https://spb.hh.ru/vacancy/50927192	hh.ru	90000	
68	Аналітик баз даних	https://spb.hh.ru/vacancy/51622064	hh.ru		
69	Senior Business Analyst	https://spb.hh.ru/vacancy/50704185	hh.ru	3000	
70	Бизнес-аналитик (удаленный формат работы)	https://spb.hh.ru/vacancy/51645647	hh.ru		
71	Аналитик данных	https://spb.hh.ru/vacancy/51650595	hh.ru	200000	
72	Аналитик в департамент маркетинга	https://spb.hh.ru/vacancy/51174309	hh.ru		
73	Бизнес-аналитик	https://spb.hh.ru/vacancy/51719072	hh.ru	100000	
74	Бизнес-аналитик	https://spb.hh.ru/vacancy/49937511	hh.ru		
75	Аналитик SQL	https://spb.hh.ru/vacancy/47913832	hh.ru		
76	Финансовый аналитик	https://spb.hh.ru/vacancy/51711521	hh.ru		
77	Проектный менеджер \ аналитик данных	https://spb.hh.ru/vacancy/51799748	hh.ru		
78	Аналитик данных (удаленно)	https://spb.hh.ru/vacancy/51791739	hh.ru		
79	Data Аналитик (удаленная работа)	https://spb.hh.ru/vacancy/51767648	hh.ru		
80	Аналитик данных / Data analyst	https://spb.hh.ru/vacancy/51692334	hh.ru		
81	Системный аналитик	https://spb.hh.ru/vacancy/51012017	hh.ru		
82	Младший системный аналитик/Junior systems analyst	https://spb.hh.ru/vacancy/51197816	hh.ru		
83	Бизнес-аналитик (junior/junior+)	https://spb.hh.ru/vacancy/51414269	hh.ru		
84	Бизнес-аналитик (управленческий консалтинг)	https://spb.hh.ru/vacancy/51343459	hh.ru		
85	Аналитик Департамент бизнес-анализа и развития	https://spb.hh.ru/vacancy/51212458	hh.ru	80500	
86	Аналитик отдела маркетинга	https://spb.hh.ru/vacancy/49991071	hh.ru	150000	
87	Стажер-аналитик ЦРПиУЗ	https://spb.hh.ru/vacancy/51769789	hh.ru		
88	Бизнес-аналитик (удаленный формат работы)	https://spb.hh.ru/vacancy/51645647	hh.ru		
89	Аналитик по ценообразованию	https://spb.hh.ru/vacancy/51640954	hh.ru	100000	
90	Менеджер IT-проекта/Аналитик	https://spb.hh.ru/vacancy/50784843	hh.ru	150000	
91	"Младший аналитик/ аналитик (направление ""Консалтинг"")"	https://spb.hh.ru/vacancy/50975679	hh.ru		
92	CRM Аналитик / Специалист по развитию; оптимизации процессов	https://spb.hh.ru/vacancy/51808572	hh.ru	100000	
93	Ведущий специалист (аналитик)	https://spb.hh.ru/vacancy/51761216	hh.ru		
94	Аналитик	https://spb.hh.ru/vacancy/51301518	hh.ru		
95	Аналитик блокчейн проектов	https://spb.hh.ru/vacancy/51489236	hh.ru		
96	Junior Business Analyst/Бизнес-аналитик (английский язык)	https://spb.hh.ru/vacancy/51032788	hh.ru		1500
97	Экономист-аналитик	https://spb.hh.ru/vacancy/50541435	hh.ru		
98	Аналитик	https://spb.hh.ru/vacancy/50222045	hh.ru		120000
99	Бизнес-аналитик	https://spb.hh.ru/vacancy/51652184	hh.ru		
100	Аналитик бизнес-процессов	https://spb.hh.ru/vacancy/50703740	hh.ru	100000	
101	Бизнес-аналитик wildberries; ozon	https://spb.hh.ru/vacancy/51652228	hh.ru		
102	Младший финансовый аналитик (со знанием английского языка)	https://spb.hh.ru/vacancy/51811268	hh.ru		
103	Аналитик (удалённо)	https://spb.hh.ru/vacancy/51710760	hh.ru		
104	Аналитик отдела рисков	https://spb.hh.ru/vacancy/51388843	hh.ru		
105	Аналитик Департамента по управлению активами	https://spb.hh.ru/vacancy/51700155	hh.ru		
106	Бизнес-аналитик	https://spb.hh.ru/vacancy/51487887	hh.ru	100000	
107	Ведущий аналитик	https://spb.hh.ru/vacancy/51028842	hh.ru		
108	Аналитик отдела контроля качества	https://spb.hh.ru/vacancy/50954298	hh.ru		
109	Аналитик-исследователь отдела развития	https://spb.hh.ru/vacancy/50510503	hh.ru		
110	Аналитик бизнес-процессов	https://spb.hh.ru/vacancy/51324366	hh.ru	51750	
111	Аналитик департамента маркетинга	https://spb.hh.ru/vacancy/51784437	hh.ru		
112	Бизнес-аналитик	https://spb.hh.ru/vacancy/36705054	hh.ru		
113	Аналитик	https://spb.hh.ru/vacancy/51301518	hh.ru		
114	Продуктовый аналитик	https://spb.hh.ru/vacancy/49689503	hh.ru		
115	Финансовый аналитик P&L	https://spb.hh.ru/vacancy/51703065	hh.ru		
116	Аналитик-экономист e-commerce	https://spb.hh.ru/vacancy/51149610	hh.ru		
117	Менеджер по продажам аналитики	https://spb.hh.ru/vacancy/50997060	hh.ru		
118	Бизнес-аналитик (Внедрение CRM Битрикс24; Удаленно)	https://spb.hh.ru/vacancy/50863342	hh.ru		
119	Стажер-аналитик (ERP системы)	https://spb.hh.ru/vacancy/51792891	hh.ru		
120	Стажер-Аналитик	https://spb.hh.ru/vacancy/50116410	hh.ru		
121	Аналитик по ценообразованию	https://spb.hh.ru/vacancy/43002208	hh.ru		
122	Аналитик BI	https://spb.hh.ru/vacancy/51499946	hh.ru		
123	Аналитик коммерческой деятельности	https://spb.hh.ru/vacancy/50335459	hh.ru		
124	Аналитик	https://spb.hh.ru/vacancy/51415032	hh.ru		
125	Аналитик по работе с маркетплейсами Wildberries; Ozon (удаленно)	https://spb.hh.ru/vacancy/51716543	hh.ru	50000	
126	Аналитик данных (блок данных)	https://spb.hh.ru/vacancy/51705198	hh.ru		
127	Аналитик / no-code специалист	https://spb.hh.ru/vacancy/50740206	hh.ru		
128	Аналитик данных	https://spb.hh.ru/vacancy/51633518	hh.ru		
129	Data-analyst	https://spb.hh.ru/vacancy/51765086	hh.ru		
130	Аналитик-стажер	https://spb.hh.ru/vacancy/51689392	hh.ru		30000
131	Системный аналитик (Аудиоаналитика)	https://spb.hh.ru/vacancy/50308031	hh.ru		
132	Аналитик товарной категории	https://spb.hh.ru/vacancy/51710996	hh.ru		
133	Специалист - аналитик	https://spb.hh.ru/vacancy/50210161	hh.ru		
134	Товарный аналитик	https://spb.hh.ru/vacancy/51107494	hh.ru		
135	Младший бизнес-аналитик	https://spb.hh.ru/vacancy/51811299	hh.ru		
136	Data analyst	https://spb.hh.ru/vacancy/51003578	hh.ru		
137	Системный аналитик	https://spb.hh.ru/vacancy/51359765	hh.ru		
138	Практикант продуктовый аналитик	https://spb.hh.ru/vacancy/51499199	hh.ru	45000	
139	Аналитик данных	https://spb.hh.ru/vacancy/48871180	hh.ru		
140	Финансовый аналитик ( SQL)	https://spb.hh.ru/vacancy/51624209	hh.ru		
141	Системный аналитик	https://spb.hh.ru/vacancy/51725506	hh.ru		
142	Аналитик в отдел бронирования	https://spb.hh.ru/vacancy/51700748	hh.ru		
143	Аналитик	https://spb.hh.ru/vacancy/48058883	hh.ru	150000	
144	Аналитик данных	https://spb.hh.ru/vacancy/51803625	hh.ru		
145	Бизнес-аналитик (Процессы)	https://spb.hh.ru/vacancy/50470934	hh.ru	130000	
146	Аналитик отдела маркетинга	https://spb.hh.ru/vacancy/50665136	hh.ru		
147	Бизнес аналитик	https://spb.hh.ru/vacancy/51794533	hh.ru		
148	Аналитик Power BI	https://spb.hh.ru/vacancy/51602492	hh.ru		
149	Системный аналитик	https://spb.hh.ru/vacancy/51708015	hh.ru		
150	Аналитик BI	https://spb.hh.ru/vacancy/51701982	hh.ru		
151	Системный аналитик	https://spb.hh.ru/vacancy/50200865	hh.ru		
152	Бизнес-аналитик	https://spb.hh.ru/vacancy/51277668	hh.ru		
153	Бизнес-аналитик	https://spb.hh.ru/vacancy/51433600	hh.ru		
154	Аналитик	https://spb.hh.ru/vacancy/51653203	hh.ru		
155	Аналитик в разработку отчетности	https://spb.hh.ru/vacancy/51807366	hh.ru		
156	Специалист по поддержке продаж (Аналитик)	https://spb.hh.ru/vacancy/49880069	hh.ru	68000	
157	Аналитик складских бизнес-процессов / Логист	https://spb.hh.ru/vacancy/51723597	hh.ru		
158	Системный аналитик	https://spb.hh.ru/vacancy/51469237	hh.ru	180000	
159	Аналитик продаж на маркетплейсах / Товарный аналитик	https://spb.hh.ru/vacancy/49127211	hh.ru	110000	
160	Системный аналитик	https://spb.hh.ru/vacancy/46711933	hh.ru	180000	
161	Ведущий аналитик/Архитектор	https://spb.hh.ru/vacancy/51337156	hh.ru	230000	
162	Аналитик-маркетолог	https://spb.hh.ru/vacancy/50439720	hh.ru	70000	
163	Аналитик	https://spb.hh.ru/vacancy/51686793	hh.ru	70000	
164	Аналитик (Стажер стратегического консультанта)	https://spb.hh.ru/vacancy/50688085	hh.ru		
165	Аналитик- моделлер	https://spb.hh.ru/vacancy/50928832	hh.ru		137000
166	Джуниор аналитик	https://spb.hh.ru/vacancy/51773015	hh.ru		
167	Аналитик-маркетолог	https://spb.hh.ru/vacancy/51473274	hh.ru		
168	Бизнес-аналитик (удаленный формат работы)	https://spb.hh.ru/vacancy/51645649	hh.ru		
169	Аналитик	https://spb.hh.ru/vacancy/51775141	hh.ru		
170	Младший маркетолог-аналитик	https://spb.hh.ru/vacancy/51228033	hh.ru		
171	Аналитик данных middle	https://spb.hh.ru/vacancy/51619338	hh.ru		
172	Аналитик	https://spb.hh.ru/vacancy/50888227	hh.ru		
173	Аналитик	https://spb.hh.ru/vacancy/49015492	hh.ru		
174	Аналитик данных; Группа контент-аналитики	https://spb.hh.ru/vacancy/48816167	hh.ru		
175	Бизнес/системный аналитик (удаленная работа)	https://spb.hh.ru/vacancy/51642446	hh.ru		
176	Аналитик	https://spb.hh.ru/vacancy/49930989	hh.ru		
177	Маркетолог-аналитик	https://spb.hh.ru/vacancy/50679133	hh.ru		
178	Бизнес-аналитик	https://spb.hh.ru/vacancy/51433600	hh.ru		
179	Бизнес-аналитик (оптовое направление)	https://spb.hh.ru/vacancy/50714252	hh.ru	80500	
180	Системный аналитик (junior)	https://spb.hh.ru/vacancy/50766433	hh.ru	45000	
181	Аналитик Маркетплейсов	https://spb.hh.ru/vacancy/51644130	hh.ru		
182	Аналитик Data science (junior)	https://spb.hh.ru/vacancy/51653154	hh.ru		
183	Бизнес-аналитик	https://spb.hh.ru/vacancy/51002027	hh.ru	2500	
184	Аналитик внутренних бизнес-процессов	https://spb.hh.ru/vacancy/51714968	hh.ru		
185	Аналитик	https://spb.hh.ru/vacancy/50861872	hh.ru		100000
186	Аналитик данных	https://spb.hh.ru/vacancy/47403054	hh.ru		
187	Аналитик	https://spb.hh.ru/vacancy/51406903	hh.ru	40000	
188	Аналитик по недвижимости	https://spb.hh.ru/vacancy/51781969	hh.ru		
189	Младший аналитик	https://spb.hh.ru/vacancy/51477384	hh.ru		
190	Экономист-аналитик	https://spb.hh.ru/vacancy/51426982	hh.ru		
191	Аналитик (мобильная аналитика)	https://spb.hh.ru/vacancy/49227849	hh.ru		
192	Аналитик	https://spb.hh.ru/vacancy/51808598	hh.ru		
193	Business analyst / Бизнес-аналитик	https://spb.hh.ru/vacancy/44647528	hh.ru	180000	
194	Ведущий аналитик; Аналитик данных; Финансовый аналитик; Аналитик продаж; Analyst	https://spb.hh.ru/vacancy/51787275	hh.ru		
195	Аналитик блокчейн проектов	https://spb.hh.ru/vacancy/51489236	hh.ru		
196	Бизнес-аналитик	https://spb.hh.ru/vacancy/51204185	hh.ru	75000	
197	Маркетолог-аналитик	https://spb.hh.ru/vacancy/51793971	hh.ru		
198	Бизнес-аналитик (удаленный формат работы)	https://spb.hh.ru/vacancy/50615577	hh.ru		
199	Ведущий аналитик/Архитектор	https://spb.hh.ru/vacancy/51337156	hh.ru	230000	
200	Аналитик бизнес-процессов	https://spb.hh.ru/vacancy/49904655	hh.ru		
201	Lead Product Manager	https://spb.hh.ru/vacancy/50643936	hh.ru		
202	Аналитик-стажер	https://spb.hh.ru/vacancy/49512125	hh.ru		
203	Системный аналитик / IT аналитик	https://spb.hh.ru/vacancy/51799231	hh.ru		
204	Product/Data Analyst (Junior)	https://spb.hh.ru/vacancy/51710404	hh.ru		1000
205	Главный специалист по аналитике данных	https://spb.hh.ru/vacancy/50579012	hh.ru		
206	Стажер-аналитик	https://spb.hh.ru/vacancy/51063510	hh.ru		
207	Бизнес-аналитик (удаленный формат работы)	https://spb.hh.ru/vacancy/50615576	hh.ru		
208	Аналитик в разработку отчетности	https://spb.hh.ru/vacancy/51807366	hh.ru		
209	Аналитик со знанием SQL	https://spb.hh.ru/vacancy/47194105	hh.ru	60000	
210	Аналитик	https://spb.hh.ru/vacancy/51420280	hh.ru	50000	
211	Аналитик	https://spb.hh.ru/vacancy/51808598	hh.ru		
212	Аналитик 1С (удаленный)	https://spb.hh.ru/vacancy/51426807	hh.ru		
213	Бизнес-аналитик/Системный аналитик	https://spb.hh.ru/vacancy/51412385	hh.ru		
214	"Аналитик в команду продукта ""Единый клиент"" (страховое и банковское направление)"	https://spb.hh.ru/vacancy/49188819	hh.ru		
215	Бизнес-аналитик	https://spb.hh.ru/vacancy/51729310	hh.ru		70000
216	Специалист по работе с программными продуктами/ Аналитик SQL	https://spb.hh.ru/vacancy/50189648	hh.ru		85000
217	Аналитик данных	https://spb.hh.ru/vacancy/51703180	hh.ru		
218	Product/Data Analyst (Junior)	https://spb.hh.ru/vacancy/51710410	hh.ru		1000
219	Бизнес аналитик	https://spb.hh.ru/vacancy/51794533	hh.ru		
220	Аналитик трафика	https://spb.hh.ru/vacancy/51468050	hh.ru	60000	
221	Аналитик в образовательный проект/Data Analyst in EdTech	https://spb.hh.ru/vacancy/48584496	hh.ru	200000	
222	Системный аналитик	https://spb.hh.ru/vacancy/50870187	hh.ru	200000	
223	Бизнес-аналитик	https://spb.hh.ru/vacancy/51621962	hh.ru		
224	Младший аналитик	https://spb.hh.ru/vacancy/47337304	hh.ru		
225	Аналитик бизнес-процессов	https://spb.hh.ru/vacancy/51348997	hh.ru		
226	Бизнес-аналитик	https://spb.hh.ru/vacancy/51722766	hh.ru	120000	
227	Аналитик	https://spb.hh.ru/vacancy/49015493	hh.ru		
228	Аналитик (Anaplan; BI; QlikView)	https://spb.hh.ru/vacancy/51288949	hh.ru		
229	Бизнес-аналитик Anaplan	https://spb.hh.ru/vacancy/51769836	hh.ru		
230	Аналитик	https://spb.hh.ru/vacancy/50928124	hh.ru		
231	Аналитик SQL	https://spb.hh.ru/vacancy/51640708	hh.ru		
232	Помощник аналитика	https://spb.hh.ru/vacancy/50796196	hh.ru		
233	Товарный аналитик данных интернет-продаж	https://spb.hh.ru/vacancy/51183080	hh.ru	120000	
234	Бизнес-аналитик	https://spb.hh.ru/vacancy/51715028	hh.ru		
235	Бизнес аналитик/проектный менеджер	https://spb.hh.ru/vacancy/51624259	hh.ru		
236	Бизнес-аналитик	https://spb.hh.ru/vacancy/50266176	hh.ru		
237	Экономист-аналитик	https://spb.hh.ru/vacancy/51426455	hh.ru		
238	Финансовый аналитик по майнингу	https://spb.hh.ru/vacancy/51633414	hh.ru		
239	Аналитик	https://spb.hh.ru/vacancy/50574447	hh.ru		
240	Аналитик отдела промо	https://spb.hh.ru/vacancy/50732203	hh.ru		
241	Стажер аналитик-проектировщик (удаленно)	https://spb.hh.ru/vacancy/43021947	hh.ru		
242	Контент-менеджер (тестировщик) / Специалист по сбору информации с маркетплейсов (аналитика)	https://spb.hh.ru/vacancy/50926900	hh.ru	50000	
243	Бизнес-аналитик (удаленный формат работы)	https://spb.hh.ru/vacancy/51645649	hh.ru		
244	Аналитик	https://spb.hh.ru/vacancy/51001681	hh.ru		
245	Младший финансовый аналитик	https://spb.hh.ru/vacancy/51658112	hh.ru		
246	Маркетолог-аналитик	https://spb.hh.ru/vacancy/51642634	hh.ru	70000	
247	Помощник аналитика/тестировщик (стажер)	https://spb.hh.ru/vacancy/51224590	hh.ru		
248	Аналитик	https://spb.hh.ru/vacancy/51629215	hh.ru		
249	Аналітик	https://spb.hh.ru/vacancy/51343857	hh.ru		
250	Аналитик SQL (карты)	https://spb.hh.ru/vacancy/49294705	hh.ru		
251	Экономист-аналитик	https://spb.hh.ru/vacancy/51653055	hh.ru	90000	
252	Стажер аналитик-проектировщик (удаленно)	https://spb.hh.ru/vacancy/43021951	hh.ru		
253	Аналитик	https://spb.hh.ru/vacancy/51684804	hh.ru		
254	Системный аналитик	https://spb.hh.ru/vacancy/51004414	hh.ru	140000	
255	Analyst / Аналитик	https://spb.hh.ru/vacancy/50587022	hh.ru		
256	Бизнес-аналитик	https://spb.hh.ru/vacancy/51725289	hh.ru		
257	Финансовый аналитик / Экономист-аналитик	https://spb.hh.ru/vacancy/51544974	hh.ru	70000	
258	Data analyst / Дата аналитик	https://spb.hh.ru/vacancy/51113216	hh.ru		270000
259	Экономист-аналитик	https://spb.hh.ru/vacancy/50610641	hh.ru		
260	Старший аналитик	https://spb.hh.ru/vacancy/51796933	hh.ru		100000
261	Специалист отдела аналитики и поддержки	https://spb.hh.ru/vacancy/50389171	hh.ru	40000	
262	Системный аналитик	https://spb.hh.ru/vacancy/51777693	hh.ru		
263	Аналитик	https://spb.hh.ru/vacancy/50998849	hh.ru		
264	Рекламный аналитик	https://spb.hh.ru/vacancy/50892015	hh.ru	150000	
265	Менеджер по аналитике (e-commerce)	https://spb.hh.ru/vacancy/49518960	hh.ru		
266	Экономист-аналитик	https://spb.hh.ru/vacancy/51735134	hh.ru	100000	
267	Финансовый аналитик	https://spb.hh.ru/vacancy/47478737	hh.ru		
268	Экономист-аналитик	https://spb.hh.ru/vacancy/50610641	hh.ru		
269	Бизнес-аналитик	https://spb.hh.ru/vacancy/51728090	hh.ru		
270	Продуктовый аналитик мобильных приложений (junior)	https://spb.hh.ru/vacancy/50825948	hh.ru	30000	
271	Бизнес-аналитик	https://spb.hh.ru/vacancy/51807490	hh.ru		
272	Аналитик (Analyst)	https://spb.hh.ru/vacancy/49576202	hh.ru		
273	Product Analyst	https://spb.hh.ru/vacancy/51462973	hh.ru		
274	Ведущий системный аналитик	https://spb.hh.ru/vacancy/51180444	hh.ru		300000
275	Аналитик	https://spb.hh.ru/vacancy/51069065	hh.ru		
276	Маркетолог-аналитик	https://spb.hh.ru/vacancy/50955688	hh.ru	100000	
277	Младший аналитик данных	https://spb.hh.ru/vacancy/51612885	hh.ru		
278	Аналитик Power BI	https://spb.hh.ru/vacancy/51602492	hh.ru		
279	Аналитик данных	https://spb.hh.ru/vacancy/49498045	hh.ru		
280	Финансовый аналитик	https://spb.hh.ru/vacancy/51611309	hh.ru		
281	Аналитик	https://spb.hh.ru/vacancy/51289792	hh.ru	85000	
282	Бизнес-аналитик	https://spb.hh.ru/vacancy/50466460	hh.ru		
283	Джуниор аналитик	https://spb.hh.ru/vacancy/51773015	hh.ru		
284	Бизнес-аналитик	https://spb.hh.ru/vacancy/51013074	hh.ru		
285	Lead Product Manager	https://spb.hh.ru/vacancy/50643933	hh.ru		
286	Финансовый менеджер / Аналитик	https://spb.hh.ru/vacancy/50642610	hh.ru		
287	Системный аналитик	https://spb.hh.ru/vacancy/51268887	hh.ru		
288	Системный аналитик	https://spb.hh.ru/vacancy/50982274	hh.ru		
289	Аналитик бизнес-процессов	https://spb.hh.ru/vacancy/51274772	hh.ru	60000	
290	Аналитик отдела продаж	https://spb.hh.ru/vacancy/51650158	hh.ru		
291	Аналитик логистических процессов	https://spb.hh.ru/vacancy/50657142	hh.ru		
292	Аналитик/специалист по планированию (в центр проектов)	https://spb.hh.ru/vacancy/51613234	hh.ru		
293	Специалист по аналитике отдела продаж	https://spb.hh.ru/vacancy/50808992	hh.ru		
294	Аналитик по ценообразованию	https://spb.hh.ru/vacancy/50942491	hh.ru	100000	
295	Младший аналитик/младший маркетолог	https://spb.hh.ru/vacancy/51625320	hh.ru		
296	Бизнес-аналитик	https://spb.hh.ru/vacancy/51619127	hh.ru		
297	Аналитик	https://spb.hh.ru/vacancy/51784555	hh.ru	20000	
298	Аналітик баз даних	https://spb.hh.ru/vacancy/50810074	hh.ru		
299	Аналитик	https://spb.hh.ru/vacancy/51792385	hh.ru		
300	Ведущий аналитик процессов послепродажного обслуживания	https://spb.hh.ru/vacancy/51637104	hh.ru	100000	
301	Аналитик данных	https://spb.hh.ru/vacancy/50596406	hh.ru		
302	Системный аналитик	https://spb.hh.ru/vacancy/51000684	hh.ru		350000
303	Бизнес-аналитик (IT)	https://spb.hh.ru/vacancy/51204815	hh.ru	70000	
304	Младший аналитик	https://spb.hh.ru/vacancy/51018574	hh.ru	35000	
305	Аналитик бизнес-процессов (удаленно)	https://spb.hh.ru/vacancy/51680050	hh.ru		
306	Стажер аналитик-проектировщик (удаленно)	https://spb.hh.ru/vacancy/46873015	hh.ru	30000	
307	Аналитик по ценообразованию	https://spb.hh.ru/vacancy/48139165	hh.ru		
308	Маркетолог-аналитик	https://spb.hh.ru/vacancy/51189535	hh.ru		
309	Аналитик (стратегический консалтинг)	https://spb.hh.ru/vacancy/47325529	hh.ru		
310	Аналитик	https://spb.hh.ru/vacancy/50237059	hh.ru	60000	
311	Экономист-аналитик	https://spb.hh.ru/vacancy/50378403	hh.ru		
312	Аналитик (стажер)	https://spb.hh.ru/vacancy/51081865	hh.ru	20000	
313	Аналитик	https://spb.hh.ru/vacancy/50998849	hh.ru		
314	Руководитель аналитической группы	https://spb.hh.ru/vacancy/50914761	hh.ru		
315	Менеджер-аналитик	https://spb.hh.ru/vacancy/50081690	hh.ru		
316	Аналитик данных	https://spb.hh.ru/vacancy/49937733	hh.ru		
317	Финансовый аналитик	https://spb.hh.ru/vacancy/50642287	hh.ru		
318	Аналитик	https://spb.hh.ru/vacancy/51266418	hh.ru	50000	
319	Аналитик в отдел исследований (Fintech)	https://spb.hh.ru/vacancy/51602542	hh.ru		
320	Аналитик по развитию ассортимента	https://spb.hh.ru/vacancy/50600755	hh.ru		
321	Аналитик	https://spb.hh.ru/vacancy/51792860	hh.ru		
322	Аналитик 1С	https://spb.hh.ru/vacancy/51716305	hh.ru		
323	Аналитик	https://spb.hh.ru/vacancy/50364709	hh.ru		
324	Аналитик (Middle) медицинской системы	https://spb.hh.ru/vacancy/49824015	hh.ru	110000	
325	Консультант ERP/бизнес-аналитик	https://spb.hh.ru/vacancy/50732017	hh.ru		
326	Аналитик	https://spb.hh.ru/vacancy/51607879	hh.ru		40000
327	Системный аналитик по документам	https://spb.hh.ru/vacancy/51807474	hh.ru		
328	Product/Data Analyst (Junior)	https://spb.hh.ru/vacancy/51710409	hh.ru		1000
329	Аналитик	https://spb.hh.ru/vacancy/41151076	hh.ru		
330	Data Analyst (BI)	https://spb.hh.ru/vacancy/50926686	hh.ru		
331	Финансовый аналитик	https://spb.hh.ru/vacancy/51800884	hh.ru		
332	BI аналитик	https://spb.hh.ru/vacancy/51805582	hh.ru		
333	Product Analyst	https://spb.hh.ru/vacancy/48278471	hh.ru	200000	
334	Аналитик	https://spb.hh.ru/vacancy/51356884	hh.ru		
335	Аналитик бизнес-процессов	https://spb.hh.ru/vacancy/50943065	hh.ru	120000	
336	Аналитик	https://spb.hh.ru/vacancy/51356755	hh.ru		
337	Аналитик в отдел закупок	https://spb.hh.ru/vacancy/50456766	hh.ru		
338	Менеджер по коммерческой и рыночной аналитике	https://spb.hh.ru/vacancy/50574161	hh.ru		
339	Бизнес-аналитик	https://spb.hh.ru/vacancy/51077235	hh.ru		
340	Аналітик CRM	https://spb.hh.ru/vacancy/51337344	hh.ru		
341	Аналитик данных	https://spb.hh.ru/vacancy/49898429	hh.ru		
342	Системный/бизнес аналитик	https://spb.hh.ru/vacancy/51097847	hh.ru	150000	
343	Продуктовый аналитик	https://spb.hh.ru/vacancy/49460849	hh.ru	150000	
344	Аналитик по продажам	https://spb.hh.ru/vacancy/51787901	hh.ru		
345	Аналитик-экономист	https://spb.hh.ru/vacancy/50222545	hh.ru		
346	Аналитик BI	https://spb.hh.ru/vacancy/46210395	hh.ru		
347	Аналитик (Нижний Новгород)	https://spb.hh.ru/vacancy/50734147	hh.ru		
348	Аналитик Qlik Sense	https://spb.hh.ru/vacancy/51807548	hh.ru		
349	Бизнес-аналитик	https://spb.hh.ru/vacancy/51255666	hh.ru		
350	Web-аналитик / веб-аналитик	https://spb.hh.ru/vacancy/49913772	hh.ru		
351	Бизнес аналитик	https://spb.hh.ru/vacancy/49411806	hh.ru		
352	Экономист-аналитик	https://spb.hh.ru/vacancy/51761018	hh.ru		
353	Data Analyst	https://spb.hh.ru/vacancy/50365221	hh.ru		180000
354	Аналитик спортивных событий	https://spb.hh.ru/vacancy/50333207	hh.ru		
355	Менеджер по ценообразованию и аналитике	https://spb.hh.ru/vacancy/44954957	hh.ru		
356	Аналитик в отдел роботизации	https://spb.hh.ru/vacancy/50890494	hh.ru		
357	Финансовый аналитик (инфраструктурная аналитика)	https://spb.hh.ru/vacancy/50402260	hh.ru		
358	Маркетолог-аналитик	https://spb.hh.ru/vacancy/51625301	hh.ru		100000
359	Аналитик	https://spb.hh.ru/vacancy/51266129	hh.ru		
360	Маркетолог-аналитик E-commerce (Wildberries)	https://spb.hh.ru/vacancy/51582166	hh.ru		
361	Маркетолог-аналитик	https://spb.hh.ru/vacancy/51610522	hh.ru		
362	Аналитик данных	https://spb.hh.ru/vacancy/51010596	hh.ru		
363	Бизнес-аналитик данных / BI аналитик	https://spb.hh.ru/vacancy/51806566	hh.ru		
364	Бизнес-аналитик	https://spb.hh.ru/vacancy/51768800	hh.ru	60000	
365	Менеджер по продажам/бизнес аналитик	https://spb.hh.ru/vacancy/51405792	hh.ru		
366	Дата аналитик	https://spb.hh.ru/vacancy/48130862	hh.ru		
367	Бизнес-аналитик (ML)	https://spb.hh.ru/vacancy/50042036	hh.ru		
368	Аналитик BI / Разработчик данных	https://spb.hh.ru/vacancy/50603484	hh.ru		
369	Аналитик	https://spb.hh.ru/vacancy/48115890	hh.ru		
370	Аналитик	https://spb.hh.ru/vacancy/51194402	hh.ru		
371	Товарный аналитик	https://spb.hh.ru/vacancy/51083742	hh.ru		
372	Системный Бизнес аналитик в логистический проект	https://spb.hh.ru/vacancy/50396917	hh.ru		200000
373	Маркетинговый аналитик	https://spb.hh.ru/vacancy/51272643	hh.ru		
374	Старший аналитик	https://spb.hh.ru/vacancy/51787072	hh.ru		
375	Аналитик	https://spb.hh.ru/vacancy/51008570	hh.ru		
376	Бизнес-аналитик	https://spb.hh.ru/vacancy/47675399	hh.ru		
377	Аналитик данных	https://spb.hh.ru/vacancy/51612198	hh.ru		
378	Аналитик по продажам и продвижению товаров на маркетлейсах	https://spb.hh.ru/vacancy/51723490	hh.ru	80000	
379	Аналитик данных	https://spb.hh.ru/vacancy/51619929	hh.ru		
380	Аналитик Knime	https://spb.hh.ru/vacancy/51695912	hh.ru		
381	Аналитик данных	https://spb.hh.ru/vacancy/51808701	hh.ru		
382	Аналитик качества данных	https://spb.hh.ru/vacancy/51626922	hh.ru		
383	Бизнес-аналитик	https://spb.hh.ru/vacancy/50629077	hh.ru	100000	
384	Финансовый аналитик	https://spb.hh.ru/vacancy/51576066	hh.ru	65000	
385	Web-аналитик	https://spb.hh.ru/vacancy/50760491	hh.ru		
386	Финансовый аналитик	https://spb.hh.ru/vacancy/45527068	hh.ru		
387	Ведущий аналитик	https://spb.hh.ru/vacancy/51358167	hh.ru		
388	Аналитик в отдел экспорта	https://spb.hh.ru/vacancy/50784475	hh.ru		
389	Аналитик в отдел закупок	https://spb.hh.ru/vacancy/51173802	hh.ru		
390	Специалист по планированию ( экономист; аналитик)	https://spb.hh.ru/vacancy/44782896	hh.ru		
391	Стажер аналитик-проектировщик (удаленно)	https://spb.hh.ru/vacancy/46873010	hh.ru	30000	
392	Экономист-аналитик	https://spb.hh.ru/vacancy/51072436	hh.ru		
393	Инвестиционный аналитик	https://spb.hh.ru/vacancy/50876699	hh.ru	120000	
394	Экономист-аналитик (логистика; VBA)	https://spb.hh.ru/vacancy/50498439	hh.ru	2500	
395	Бизнес-аналитик	https://spb.hh.ru/vacancy/51623147	hh.ru		
396	Аналитик	https://spb.hh.ru/vacancy/51780809	hh.ru		
397	Бизнес-аналитик	https://spb.hh.ru/vacancy/51722534	hh.ru		
398	Бизнес-аналитик (удаленно)	https://spb.hh.ru/vacancy/51176876	hh.ru		
399	Data Scientist	https://spb.hh.ru/vacancy/50932609	hh.ru		
400	Старший аналитик	https://spb.hh.ru/vacancy/51604902	hh.ru		
401	Финансовый аналитик	https://spb.hh.ru/vacancy/51032662	hh.ru		400000
402	Аналитик департамента интернет-проектов	https://spb.hh.ru/vacancy/41995992	hh.ru	90000	
403	Бизнес-аналитик IT	https://spb.hh.ru/vacancy/51354293	hh.ru		
404	Аналитик	https://spb.hh.ru/vacancy/50603438	hh.ru		
405	Аналитик	https://spb.hh.ru/vacancy/50859355	hh.ru		
406	Бизнес Аналитик (Customer support efficiency)	https://spb.hh.ru/vacancy/50638181	hh.ru		
407	Аналитик 1C	https://spb.hh.ru/vacancy/48083149	hh.ru	140000	
408	Стажер с обучением на должность аналитика в недвижимости	https://spb.hh.ru/vacancy/50742287	hh.ru		
409	Финансовый аналитик	https://spb.hh.ru/vacancy/50980526	hh.ru		
410	Аналитик KPI	https://spb.hh.ru/vacancy/51054566	hh.ru	50200	
411	Бизнес-Аналитик	https://spb.hh.ru/vacancy/51613413	hh.ru		
412	Ассистент отдела маркетинга (аналитика)	https://spb.hh.ru/vacancy/50760797	hh.ru		
413	Главный аналитик	https://spb.hh.ru/vacancy/51634532	hh.ru		
414	Товарный Бизнес-Аналитик	https://spb.hh.ru/vacancy/51808889	hh.ru		
415	Системный аналитик	https://spb.hh.ru/vacancy/50824857	hh.ru		
416	Аналитик маркетплейсов/управление продажами на МП	https://spb.hh.ru/vacancy/50652343	hh.ru		
417	Аналитик	https://spb.hh.ru/vacancy/51052632	hh.ru		
418	Бизнес-Аналитик Anaplan	https://spb.hh.ru/vacancy/41202590	hh.ru		
419	Бизнес-аналитик	https://spb.hh.ru/vacancy/51584289	hh.ru		
420	Ведущий специалист/аналитик 1С	https://spb.hh.ru/vacancy/50910619	hh.ru		
421	Аналитик	https://spb.hh.ru/vacancy/49015491	hh.ru		
422	Товарный аналитик	https://spb.hh.ru/vacancy/50788655	hh.ru		
423	Аналитик	https://spb.hh.ru/vacancy/51805749	hh.ru	47400	
424	Аналитик по работе с остатками	https://spb.hh.ru/vacancy/51787721	hh.ru		
425	Аналитик (Marketing department)	https://spb.hh.ru/vacancy/48177694	hh.ru		
426	Бизнес-аналитик	https://spb.hh.ru/vacancy/51185386	hh.ru	100000	
427	Финансовый аналитик	https://spb.hh.ru/vacancy/51258083	hh.ru		
428	Аналитик внедрения	https://spb.hh.ru/vacancy/51637211	hh.ru		
429	Data Analyst	https://spb.hh.ru/vacancy/51609848	hh.ru		
430	Ведущий аналитик по продажам	https://spb.hh.ru/vacancy/50943198	hh.ru	120000	
431	Старший бизнес-аналитик СЭД	https://spb.hh.ru/vacancy/44620310	hh.ru	140000	
432	Системный аналитик	https://spb.hh.ru/vacancy/51243368	hh.ru	200000	
433	Аналитик данных middle	https://spb.hh.ru/vacancy/51619338	hh.ru		
434	Бизнес-аналитик	https://spb.hh.ru/vacancy/46470897	hh.ru		
435	Системный аналитик	https://spb.hh.ru/vacancy/51467498	hh.ru		
436	Бизнес-аналитик	https://spb.hh.ru/vacancy/47984560	hh.ru		
437	Бизнес аналитик	https://spb.hh.ru/vacancy/51503168	hh.ru		
438	Системный аналитик	https://spb.hh.ru/vacancy/51364744	hh.ru		
439	Аналитик	https://spb.hh.ru/vacancy/50127191	hh.ru		
440	Аналитик	https://spb.hh.ru/vacancy/51721169	hh.ru		
441	Финансовый аналитик	https://spb.hh.ru/vacancy/51725786	hh.ru	60000	
442	Бизнес-аналитик/системный аналитик	https://spb.hh.ru/vacancy/51281861	hh.ru		
443	Аналитик инвестиционный	https://spb.hh.ru/vacancy/50688359	hh.ru		
444	Аналитик	https://spb.hh.ru/vacancy/49152915	hh.ru		
445	Системный аналитик IT	https://spb.hh.ru/vacancy/50754127	hh.ru		
446	Аналитик взаимодействия	https://spb.hh.ru/vacancy/50928224	hh.ru		
447	Экономист-аналитик (финансовый аналитик)	https://spb.hh.ru/vacancy/51801035	hh.ru		
448	Эконометрист- аналитик	https://spb.hh.ru/vacancy/47185557	hh.ru	110000	
449	Ведущий бизнес-аналитик	https://spb.hh.ru/vacancy/51653420	hh.ru		
450	Аналитик-маркетолог	https://spb.hh.ru/vacancy/51500261	hh.ru		
451	Аналитик данных middle	https://spb.hh.ru/vacancy/51619262	hh.ru		
452	Экономист-аналитик	https://spb.hh.ru/vacancy/50725305	hh.ru		
453	Бизнес-аналитик (госнаправление)	https://spb.hh.ru/vacancy/47695637	hh.ru		
454	Системный аналитик	https://spb.hh.ru/vacancy/51586200	hh.ru		
455	Стажер-аналитик учетных процессов	https://spb.hh.ru/vacancy/51775967	hh.ru		
456	Business Analyst / Systems Analyst	https://spb.hh.ru/vacancy/51289133	hh.ru		
457	Бизнес-аналитик	https://spb.hh.ru/vacancy/50983120	hh.ru		
458	Аналитик	https://spb.hh.ru/vacancy/51487041	hh.ru		
459	Веб-аналитик/ Web-аналитик	https://spb.hh.ru/vacancy/50404949	hh.ru		
460	Товарный аналитик / Аналитик по ассортименту	https://spb.hh.ru/vacancy/51795216	hh.ru		
461	Руководитель проекта (аналитик)	https://spb.hh.ru/vacancy/51179068	hh.ru		
462	Аналитик/специалист по планированию (в центр проектов)	https://spb.hh.ru/vacancy/51613234	hh.ru		
463	Ведущий аналитик	https://spb.hh.ru/vacancy/51624205	hh.ru		
464	Руководитель отдела аналитики (маркетолог - аналитик)	https://spb.hh.ru/vacancy/49812098	hh.ru	65000	
465	Data-аналитик по прогнозированию и товарному запасу	https://spb.hh.ru/vacancy/50563929	hh.ru		
466	Бизнес-аналитик	https://spb.hh.ru/vacancy/51470379	hh.ru	55000	
467	Аналитик по выявлению аномалий	https://spb.hh.ru/vacancy/46859064	hh.ru		
468	Финансовый аналитик	https://spb.hh.ru/vacancy/44760514	hh.ru		
469	Бизнес-аналитик	https://spb.hh.ru/vacancy/51623147	hh.ru		
470	Младший веб аналитик	https://spb.hh.ru/vacancy/51718021	hh.ru		
471	Бизнес аналитик	https://spb.hh.ru/vacancy/51405794	hh.ru	50000	
472	Системный аналитик (junior)	https://spb.hh.ru/vacancy/50766433	hh.ru	45000	
473	Бизнес-аналитик / системный аналитик	https://spb.hh.ru/vacancy/51708820	hh.ru	50000	
474	Системный аналитик	https://spb.hh.ru/vacancy/50982274	hh.ru		
475	Аналитик	https://spb.hh.ru/vacancy/50455842	hh.ru		
476	Финансовый аналитик	https://spb.hh.ru/vacancy/51792913	hh.ru		
477	Аналитик в финансовую компанию	https://spb.hh.ru/vacancy/51360186	hh.ru		
478	Системный аналитик	https://spb.hh.ru/vacancy/51415468	hh.ru		
479	Аналитик по продажам	https://spb.hh.ru/vacancy/51210317	hh.ru	45000	
480	Руководитель отдела аналитики	https://spb.hh.ru/vacancy/50896390	hh.ru		
481	CRM-аналитик	https://spb.hh.ru/vacancy/51663887	hh.ru	130000	
482	Аналитик развития сети (удаленно)	https://spb.hh.ru/vacancy/51391835	hh.ru		
483	Аналитик/Экономист по планированию	https://spb.hh.ru/vacancy/51713293	hh.ru		
484	Бизнес-аналитик	https://spb.hh.ru/vacancy/51311437	hh.ru		
485	Ведущий аналитик по онлайн продажам	https://spb.hh.ru/vacancy/49978758	hh.ru	180000	
486	Business Analyst / Бизнес аналитик	https://spb.hh.ru/vacancy/51025156	hh.ru		
487	Аналитик сопровождения CRM	https://spb.hh.ru/vacancy/50980674	hh.ru		60000
488	Аналитик; IT Analyst	https://spb.hh.ru/vacancy/51629591	hh.ru		
489	Аналитик (AR)	https://spb.hh.ru/vacancy/50754987	hh.ru		
490	Системный аналитик	https://spb.hh.ru/vacancy/51602037	hh.ru		
491	Аналитик-маркетолог (gamedev)	https://spb.hh.ru/vacancy/48290922	hh.ru		
492	Бизнес Ассистент / Аналитик	https://spb.hh.ru/vacancy/50591493	hh.ru		50000
493	Менеджер по коммерческой аналитике	https://spb.hh.ru/vacancy/50214200	hh.ru		
494	Аналитик	https://spb.hh.ru/vacancy/49844476	hh.ru		
495	Аналитик	https://spb.hh.ru/vacancy/49346494	hh.ru		
496	Риск-аналитик	https://spb.hh.ru/vacancy/51760992	hh.ru		
497	Веб-аналитик	https://spb.hh.ru/vacancy/50554642	hh.ru	70000	
498	Экономист (аналитик)	https://spb.hh.ru/vacancy/50733596	hh.ru		
499	Аналітик	https://spb.hh.ru/vacancy/51332832	hh.ru		
500	Технический аналитик	https://spb.hh.ru/vacancy/48350409	hh.ru		
501	Аналитик 1С (MiddIe)	https://spb.hh.ru/vacancy/50582248	hh.ru	180000	
502	Ведущий аналитик данных	https://spb.hh.ru/vacancy/49534783	hh.ru		
503	Бизнес-Аналитик	https://spb.hh.ru/vacancy/51613413	hh.ru		
504	Финансовый аналитик	https://spb.hh.ru/vacancy/51435558	hh.ru		
505	Data Analyst	https://spb.hh.ru/vacancy/51609848	hh.ru		
506	Инвестиционный аналитик	https://spb.hh.ru/vacancy/51759911	hh.ru		
507	Marketing analyst	https://spb.hh.ru/vacancy/51442081	hh.ru		
508	Финансовый аналитик	https://spb.hh.ru/vacancy/51258083	hh.ru		
509	Риск-аналитик	https://spb.hh.ru/vacancy/51760992	hh.ru		
510	Web-аналитик (п. Яблоновский)	https://spb.hh.ru/vacancy/43030351	hh.ru		
511	Product/Data Analyst (Junior)	https://spb.hh.ru/vacancy/51710408	hh.ru		1000
512	Web - аналитик	https://spb.hh.ru/vacancy/51766507	hh.ru		
513	Специалист по планированию ( экономист; аналитик)	https://spb.hh.ru/vacancy/44782896	hh.ru		
514	Бизнес-аналитик	https://spb.hh.ru/vacancy/51635876	hh.ru	40000	
515	Маркетолог-аналитик (Digital Marketing Analyst)	https://spb.hh.ru/vacancy/50813954	hh.ru		
516	Ассистент маркетолога-аналитика	https://spb.hh.ru/vacancy/49926079	hh.ru		
517	Финансовый аналитик	https://spb.hh.ru/vacancy/50839027	hh.ru		
518	BI Аналитик / BI Analyst	https://spb.hh.ru/vacancy/50607135	hh.ru		
519	Data Scientist	https://spb.hh.ru/vacancy/50932609	hh.ru		
520	Аналитик/Ассистент аналитика (количественные маркетинговые исследования)	https://spb.hh.ru/vacancy/51108682	hh.ru		
521	Бизнес-аналитик	https://spb.hh.ru/vacancy/51353587	hh.ru		
522	Системный аналитик (удаленно)	https://spb.hh.ru/vacancy/51635702	hh.ru		
523	Бизнес-аналитик	https://spb.hh.ru/vacancy/51632504	hh.ru	100000	
524	Аналитик-маркетолог	https://spb.hh.ru/vacancy/50439720	hh.ru	70000	
525	Консультант-аналитик 1С	https://spb.hh.ru/vacancy/51799513	hh.ru		
526	Ведущий аналитик	https://spb.hh.ru/vacancy/51624205	hh.ru		
527	Бизнес-аналитик со знанием SQL	https://spb.hh.ru/vacancy/49866107	hh.ru	57000	
528	Финансовый аналитик / Бизнес аналитик	https://spb.hh.ru/vacancy/48836747	hh.ru	90000	
529	Бизнес аналитик	https://spb.hh.ru/vacancy/51699754	hh.ru		
530	Аналітик SQL	https://spb.hh.ru/vacancy/51777985	hh.ru		
531	Консультант / Системный аналитик	https://spb.hh.ru/vacancy/50077827	hh.ru		250000
532	Экономист аналитик / Финансовый аналитик	https://spb.hh.ru/vacancy/50522401	hh.ru		
533	Web-аналитик (п. Яблоновский)	https://spb.hh.ru/vacancy/43030351	hh.ru		
534	Аналитик (приложения; Web)	https://spb.hh.ru/vacancy/51736990	hh.ru		200000
535	Web-аналитик	https://spb.hh.ru/vacancy/49035425	hh.ru		
536	Финансовый менеджер/ Аналитик	https://spb.hh.ru/vacancy/51181416	hh.ru		
537	Аналитик IT-проектов	https://spb.hh.ru/vacancy/43816785	hh.ru		
538	Аналитик BI	https://spb.hh.ru/vacancy/51644760	hh.ru		
539	Системный аналитик	https://spb.hh.ru/vacancy/51666882	hh.ru		
540	Аналитик продаж (бизнес-аналитик)	https://spb.hh.ru/vacancy/51761326	hh.ru	68966	
541	Системный аналитик	https://spb.hh.ru/vacancy/50793260	hh.ru	6000000	
542	Аналитик КА	https://spb.hh.ru/vacancy/49274390	hh.ru		
543	Аналитик HW и SW	https://spb.hh.ru/vacancy/51734469	hh.ru		150000
544	Аналитик наукоёмкого софта	https://spb.hh.ru/vacancy/49913966	hh.ru		
545	Маркетолог-аналитик	https://spb.hh.ru/vacancy/50977733	hh.ru		
546	Старший Аналитик / Постановщик задач	https://spb.hh.ru/vacancy/50643758	hh.ru		
547	Аналитик BI	https://spb.hh.ru/vacancy/51644761	hh.ru		
548	Маркетолог-аналитик	https://spb.hh.ru/vacancy/49849082	hh.ru		
549	Бизнес-аналитик (EVA)	https://spb.hh.ru/vacancy/48570867	hh.ru		
550	Аналитик IT проекта	https://spb.hh.ru/vacancy/51654723	hh.ru	70000	
551	Аналитик	https://spb.hh.ru/vacancy/51718479	hh.ru	80000	
552	Аналитик/маркетолог-аналитик	https://spb.hh.ru/vacancy/51340436	hh.ru		
553	Категорийный менеджер - аналитик	https://spb.hh.ru/vacancy/51446130	hh.ru	80000	
554	Аналитик	https://spb.hh.ru/vacancy/51395630	hh.ru	78000	
555	Аналитик в отдел роботизации	https://spb.hh.ru/vacancy/50890495	hh.ru		
556	Системный аналитик	https://spb.hh.ru/vacancy/50620187	hh.ru		
557	Аналитик	https://spb.hh.ru/vacancy/51734751	hh.ru		
558	Cистемный аналитик / Бизнес-аналитик	https://spb.hh.ru/vacancy/49799127	hh.ru	100000	
559	Аналитик	https://spb.hh.ru/vacancy/50980140	hh.ru		
560	Бизнес-аналитик/Старший бизнес-аналитик Creatio (Terrasoft)	https://spb.hh.ru/vacancy/50942064	hh.ru		
561	Ведущий Web аналитик ( удаленно)	https://spb.hh.ru/vacancy/50582826	hh.ru	130000	
562	Аналитик (количественные маркетинговые исследования)	https://spb.hh.ru/vacancy/51108649	hh.ru		
563	Финансовый аналитик	https://spb.hh.ru/vacancy/50844872	hh.ru		
564	Web - аналитик	https://spb.hh.ru/vacancy/51766481	hh.ru		
565	Бизнес-аналитик	https://spb.hh.ru/vacancy/51465970	hh.ru		
566	Финансовый аналитик	https://spb.hh.ru/vacancy/50634841	hh.ru		
567	Веб-аналитик	https://spb.hh.ru/vacancy/51640150	hh.ru		
568	Бизнес/системный аналитик	https://spb.hh.ru/vacancy/51285932	hh.ru		
569	Ведущий бизнес-аналитик программ лояльности	https://spb.hh.ru/vacancy/50104143	hh.ru		
570	Аналитик данных	https://spb.hh.ru/vacancy/47425888	hh.ru		
571	Ведущий маркетолог-аналитик	https://spb.hh.ru/vacancy/50932523	hh.ru		
572	Аналитик	https://spb.hh.ru/vacancy/50968284	hh.ru		
573	Бизнес-аналитик	https://spb.hh.ru/vacancy/50165234	hh.ru		
574	Менеджер-аналитик	https://spb.hh.ru/vacancy/51351912	hh.ru		
575	Senior бизнес-аналитик	https://spb.hh.ru/vacancy/51625352	hh.ru		
576	Аналитик данных	https://spb.hh.ru/vacancy/51103649	hh.ru		
577	Data Analyst	https://spb.hh.ru/vacancy/50276255	hh.ru		
578	Аналитик	https://spb.hh.ru/vacancy/44036465	hh.ru		
579	Финансовый аналитик / Экономист	https://spb.hh.ru/vacancy/51782073	hh.ru	40000	
580	Старший аналитик	https://spb.hh.ru/vacancy/50533927	hh.ru		
581	Маркетолог-аналитик	https://spb.hh.ru/vacancy/51680263	hh.ru		
582	Финансовый аналитик	https://spb.hh.ru/vacancy/48025285	hh.ru		
583	Системный аналитик	https://spb.hh.ru/vacancy/50676941	hh.ru		
584	Финансовый аналитик	https://spb.hh.ru/vacancy/51173965	hh.ru		
585	Ведущий аналитик операционной службы	https://spb.hh.ru/vacancy/51787733	hh.ru		
586	Бизнес-аналитик	https://spb.hh.ru/vacancy/50445930	hh.ru	350000	
587	Аналитик /Специалист по обработке данных (DP; Market Research); Удаленно	https://spb.hh.ru/vacancy/50802688	hh.ru		
588	Системный аналитик	https://spb.hh.ru/vacancy/50831872	hh.ru	120000	
589	Data Analyst	https://spb.hh.ru/vacancy/51340011	hh.ru		
590	Аналитик-маркетолог	https://spb.hh.ru/vacancy/51619385	hh.ru		
591	Аналитик данных middle	https://spb.hh.ru/vacancy/51619337	hh.ru		
592	Web-аналитик	https://spb.hh.ru/vacancy/50791850	hh.ru		
593	BI аналитик	https://spb.hh.ru/vacancy/51005832	hh.ru		
594	Аналитик (отдел маркетинговой аналитики)	https://spb.hh.ru/vacancy/50131546	hh.ru		
595	Финансовый аналитик / Бюджетный контролер маркетплейсов	https://spb.hh.ru/vacancy/50977311	hh.ru	50000	
596	Бизнес-аналитик	https://spb.hh.ru/vacancy/50751293	hh.ru		
597	Бизнес-аналитик	https://spb.hh.ru/vacancy/51807569	hh.ru		
598	Бизнес-аналитик	https://spb.hh.ru/vacancy/51619939	hh.ru		
599	Маркетолог-аналитик	https://spb.hh.ru/vacancy/51606048	hh.ru	38000	
600	Бизнес-аналитик	https://spb.hh.ru/vacancy/50401981	hh.ru		
601	Аналитик (Qlik Sense)	https://spb.hh.ru/vacancy/49421349	hh.ru		
602	Аналитик	https://spb.hh.ru/vacancy/51630729	hh.ru		
603	Системный аналитик (удаленно)	https://spb.hh.ru/vacancy/51635700	hh.ru		
604	Ведущий аналитик отдела маркетинга	https://spb.hh.ru/vacancy/49639641	hh.ru		
605	Ведущий аналитик 1С	https://spb.hh.ru/vacancy/49810404	hh.ru		
606	Специалист отдела аналитики и поддержки	https://spb.hh.ru/vacancy/50389171	hh.ru	40000	
607	Бизнес-аналитик	https://spb.hh.ru/vacancy/45713077	hh.ru	80000	
608	Аналитик	https://spb.hh.ru/vacancy/50195310	hh.ru		90000
609	Младший аналитик	https://spb.hh.ru/vacancy/51025807	hh.ru		70000
610	Финансовый аналитик	https://spb.hh.ru/vacancy/48469921	hh.ru		
611	Бизнес-аналитик (направление веб-сайтов)	https://spb.hh.ru/vacancy/49925179	hh.ru		
612	Аналитик [id2599]	https://spb.hh.ru/vacancy/50751197	hh.ru		
613	Analyst	https://spb.hh.ru/vacancy/51714071	hh.ru		
614	Бизнес-аналитик/Аналитик BI	https://spb.hh.ru/vacancy/49739606	hh.ru		
615	Аналитик маркетинговых исследований ИТ	https://spb.hh.ru/vacancy/51779057	hh.ru		
616	Бизнес-аналитик	https://spb.hh.ru/vacancy/51658357	hh.ru		
617	Веб-аналитик	https://spb.hh.ru/vacancy/51801245	hh.ru		
618	Web аналитик / аналитик (удаленно)	https://spb.hh.ru/vacancy/51624269	hh.ru		
619	Аналитик	https://spb.hh.ru/vacancy/48793131	hh.ru	46200	
620	Маркетолог-аналитик	https://spb.hh.ru/vacancy/51792208	hh.ru	60000	
621	Продуктовый аналитик	https://spb.hh.ru/vacancy/51344065	hh.ru		
622	Финансовый аналитик	https://spb.hh.ru/vacancy/44760514	hh.ru		
623	Аналитик 1С	https://spb.hh.ru/vacancy/50678145	hh.ru		
624	Экономист-аналитик	https://spb.hh.ru/vacancy/50750206	hh.ru		
625	Экономист-аналитик	https://spb.hh.ru/vacancy/49278098	hh.ru		40000
626	Маркетолог-аналитик	https://spb.hh.ru/vacancy/50141896	hh.ru		
627	Продуктовый аналитик/Product analyst	https://spb.hh.ru/vacancy/51261577	hh.ru		
628	Менеджер по аналитике	https://spb.hh.ru/vacancy/50562793	hh.ru		
629	Аналитик	https://spb.hh.ru/vacancy/48141478	hh.ru		
630	Системный аналитик (бизнес-аналитик)	https://spb.hh.ru/vacancy/51186456	hh.ru		
631	Маркетолог-аналитик / обработка данных / количественные исследования / research	https://spb.hh.ru/vacancy/50790062	hh.ru	60000	
632	Аналитик-математик (аналитик данных поисковой выдачи)	https://spb.hh.ru/vacancy/51727266	hh.ru		
633	Бизнес-аналитик	https://spb.hh.ru/vacancy/47352704	hh.ru		
634	Data (бизнес) аналитик	https://spb.hh.ru/vacancy/51699624	hh.ru		
635	Экономист-аналитик	https://spb.hh.ru/vacancy/50740238	hh.ru	50000	
636	Бизнес аналитик	https://spb.hh.ru/vacancy/51621387	hh.ru		
637	Аналитик\ менеджер по мотивации	https://spb.hh.ru/vacancy/51192954	hh.ru		
638	Аналитик / Power BI / Power Query / DAX	https://spb.hh.ru/vacancy/50910520	hh.ru	41000	
639	Аналитик данных	https://spb.hh.ru/vacancy/48392932	hh.ru		
640	Аналитик	https://spb.hh.ru/vacancy/50428087	hh.ru		
641	Финансовый аналитик	https://spb.hh.ru/vacancy/51271799	hh.ru		
642	Бизнес-аналитик	https://spb.hh.ru/vacancy/51760290	hh.ru		
643	Аналитик управления продаж	https://spb.hh.ru/vacancy/51028117	hh.ru		
644	Бизнес-аналитик	https://spb.hh.ru/vacancy/50951292	hh.ru		
645	Аналитик (Интерн) HR-consulting	https://spb.hh.ru/vacancy/51194186	hh.ru		
646	Младший аналитик	https://spb.hh.ru/vacancy/45576351	hh.ru		
647	Экономист-аналитик	https://spb.hh.ru/vacancy/51191737	hh.ru		
648	Аналитик (удаленно)	https://spb.hh.ru/vacancy/51645340	hh.ru		
649	Аналитик	https://spb.hh.ru/vacancy/50676157	hh.ru		
650	Бизнес-аналитик	https://spb.hh.ru/vacancy/51635876	hh.ru	40000	
651	Аналитик/Analyst	https://spb.hh.ru/vacancy/51736038	hh.ru		
652	Аналитик	https://spb.hh.ru/vacancy/50169674	hh.ru		
653	Бизнес-аналитик	https://spb.hh.ru/vacancy/51442186	hh.ru		
654	Бизнес-аналитик (отчетность DWH)	https://spb.hh.ru/vacancy/48958563	hh.ru		
655	Маркетолог-аналитик	https://spb.hh.ru/vacancy/50810462	hh.ru		
656	Аналитик по прогнозированию спроса	https://spb.hh.ru/vacancy/49488467	hh.ru		
657	Аналитик	https://spb.hh.ru/vacancy/50467563	hh.ru		
658	Экономист-аналитик	https://spb.hh.ru/vacancy/51800808	hh.ru	30000	
659	Аналітик даних	https://spb.hh.ru/vacancy/51368450	hh.ru		
660	Главный специалист операционной аналитики	https://spb.hh.ru/vacancy/50750982	hh.ru		47200
661	Аналитик	https://spb.hh.ru/vacancy/50720010	hh.ru	120000	
662	Экономист-аналитик	https://spb.hh.ru/vacancy/51263702	hh.ru	60000	
663	Ведущий BI аналитик/разработчик	https://spb.hh.ru/vacancy/50960830	hh.ru		
664	Web аналитик	https://spb.hh.ru/vacancy/51285989	hh.ru		
665	Бизнес-аналитик	https://spb.hh.ru/vacancy/51692442	hh.ru		
666	Аналитик 1С	https://spb.hh.ru/vacancy/48334932	hh.ru		
667	Аналитик (Digital)	https://spb.hh.ru/vacancy/51007382	hh.ru		
668	Аналитик	https://spb.hh.ru/vacancy/51006215	hh.ru		
669	Бизнес-аналитик	https://spb.hh.ru/vacancy/48202847	hh.ru		
670	Бизнес-аналитик	https://spb.hh.ru/vacancy/49937510	hh.ru		
671	Аналитик	https://spb.hh.ru/vacancy/49150144	hh.ru		
672	Бизнес-аналитик MES	https://spb.hh.ru/vacancy/51712786	hh.ru		
673	Аналитик	https://spb.hh.ru/vacancy/50720003	hh.ru	120000	
674	Аналитик (отдел анализа данных)	https://spb.hh.ru/vacancy/51489245	hh.ru		
675	Финансовый менеджер/ Аналитик	https://spb.hh.ru/vacancy/51181416	hh.ru		
676	Бизнес-аналитик	https://spb.hh.ru/vacancy/45711612	hh.ru		
677	HR-аналитик	https://spb.hh.ru/vacancy/51713560	hh.ru		
678	Финансовый аналитик	https://spb.hh.ru/vacancy/51624750	hh.ru		70000
679	Аналитик данных	https://spb.hh.ru/vacancy/49947744	hh.ru	30000	
680	Аналитик данных	https://spb.hh.ru/vacancy/50307623	hh.ru		
681	Аналитик-маркетолог	https://spb.hh.ru/vacancy/50420686	hh.ru	35000	
682	Экономист-аналитик	https://spb.hh.ru/vacancy/44782911	hh.ru		
683	Аналитик	https://spb.hh.ru/vacancy/50958050	hh.ru		80000
684	Финансовый аналитик	https://spb.hh.ru/vacancy/50977941	hh.ru		
685	Аналитик	https://spb.hh.ru/vacancy/51280053	hh.ru		
686	Аналитик Спроса (Маркетплейсы)	https://spb.hh.ru/vacancy/50941669	hh.ru		
687	Специалист-аналитик	https://spb.hh.ru/vacancy/50758245	hh.ru	30000	
688	Ведущий бизнес-аналитик (методолог)	https://spb.hh.ru/vacancy/50666538	hh.ru		
689	Аналитик по ценообразованию	https://spb.hh.ru/vacancy/50343994	hh.ru		
690	Маркетолог-аналитик	https://spb.hh.ru/vacancy/50377476	hh.ru	90000	
691	Ассистент системного аналитика	https://spb.hh.ru/vacancy/50099386	hh.ru		
692	Аналитик	https://spb.hh.ru/vacancy/51796389	hh.ru		45000
693	Аналитик	https://spb.hh.ru/vacancy/50490184	hh.ru		
694	Экономист-аналитик	https://spb.hh.ru/vacancy/50953748	hh.ru	70000	
695	Маркетолог-аналитик	https://spb.hh.ru/vacancy/48649379	hh.ru		
696	Аналитик маркетплейсов	https://spb.hh.ru/vacancy/50614727	hh.ru		
697	Младший аналитик СЭД	https://spb.hh.ru/vacancy/49740780	hh.ru		
698	Финансовый аналитик	https://spb.hh.ru/vacancy/50869175	hh.ru		
699	Аналитик	https://spb.hh.ru/vacancy/50981647	hh.ru		
700	Экономист-аналитик	https://spb.hh.ru/vacancy/51646167	hh.ru		
701	Веб-аналитик/Web-аналитик	https://spb.hh.ru/vacancy/50342877	hh.ru		
702	Аналитик	https://spb.hh.ru/vacancy/50883015	hh.ru	55000	
703	Аналитик Private Equity / аналитик частных компаний / аналитик американского рынка частного капитала	https://spb.hh.ru/vacancy/51033685	hh.ru		
704	Маркетинговый Web аналитик	https://spb.hh.ru/vacancy/50495937	hh.ru		
705	Аналитик 1C	https://spb.hh.ru/vacancy/51078107	hh.ru		
706	Бизнес/системный аналитик	https://spb.hh.ru/vacancy/50774116	hh.ru		120000
707	Аналитик 1С	https://spb.hh.ru/vacancy/51526746	hh.ru		130000
708	Системный аналитик	https://spb.hh.ru/vacancy/50211605	hh.ru		
709	Аналитик\Менеджер в Управление качеством	https://spb.hh.ru/vacancy/48799583	hh.ru		
710	Аналитик	https://spb.hh.ru/vacancy/37237822	hh.ru	50000	
711	Product Manager	https://spb.hh.ru/vacancy/50860060	hh.ru	250000	
712	Бизнес-аналитик со знанием SQL	https://spb.hh.ru/vacancy/48640515	hh.ru		
713	Аналитик	https://spb.hh.ru/vacancy/51267735	hh.ru		
714	Бизнес - аналитик	https://spb.hh.ru/vacancy/51401859	hh.ru		
715	Аналитик в транспортную компанию	https://spb.hh.ru/vacancy/51186286	hh.ru	55000	
716	Старший продуктовый аналитик	https://spb.hh.ru/vacancy/50569191	hh.ru		
717	Маркетолог-аналитик	https://spb.hh.ru/vacancy/51705859	hh.ru	55000	
718	Аналитик отдела продаж	https://spb.hh.ru/vacancy/51496791	hh.ru		
719	Бизнес-аналитик	https://spb.hh.ru/vacancy/48376893	hh.ru		
720	Аналитик в отдел исследований (Fintech)	https://spb.hh.ru/vacancy/51602482	hh.ru		
721	Аналитик логистических процессов	https://spb.hh.ru/vacancy/50657126	hh.ru		
722	Аналитик-консультант 1С (удаленно)	https://spb.hh.ru/vacancy/51358444	hh.ru	80000	
723	Бизнес-аналитик	https://spb.hh.ru/vacancy/51731089	hh.ru		
724	Экономист-аналитик	https://spb.hh.ru/vacancy/51605317	hh.ru	35000	
725	Маркетолог-аналитик	https://spb.hh.ru/vacancy/50987279	hh.ru		
726	Бизнес-аналитик	https://spb.hh.ru/vacancy/50822327	hh.ru		
727	Аналитик	https://spb.hh.ru/vacancy/47330191	hh.ru	80000	
728	Бизнес-аналитик	https://spb.hh.ru/vacancy/50859860	hh.ru		
729	Аналитик (digital маркетинг)	https://spb.hh.ru/vacancy/50947165	hh.ru		
730	Системный аналитик	https://spb.hh.ru/vacancy/50462395	hh.ru	100000	
731	"Бизнес-аналитик на направление ""Административно-хозяйственная деятельность"""	https://spb.hh.ru/vacancy/50461695	hh.ru		
732	Системный аналитик (Товародвижение)	https://spb.hh.ru/vacancy/50909137	hh.ru		
733	Маркетолог-аналитик	https://spb.hh.ru/vacancy/51655270	hh.ru	50000	
734	Стажер-аналитик WFM (Workforce Management)	https://spb.hh.ru/vacancy/51501612	hh.ru		
735	Ведущий аналитик	https://spb.hh.ru/vacancy/49358160	hh.ru		
736	Экономист-аналитик	https://spb.hh.ru/vacancy/50378323	hh.ru		
737	Бизнес-аналитик / Менеджер проектов	https://spb.hh.ru/vacancy/51047904	hh.ru	50000	
738	Аналитик	https://spb.hh.ru/vacancy/48773236	hh.ru		
739	Веб-аналитик/Web-аналитик	https://spb.hh.ru/vacancy/49370582	hh.ru		
740	Аналитик 1С	https://spb.hh.ru/vacancy/51482683	hh.ru		
741	Младший аналитик данных (junior data analyst)	https://spb.hh.ru/vacancy/49504446	hh.ru		40000
742	Аналитик данных	https://spb.hh.ru/vacancy/50129391	hh.ru		
743	Аналитик BI	https://spb.hh.ru/vacancy/50615830	hh.ru		
744	Ассистент системного аналитика	https://spb.hh.ru/vacancy/50099386	hh.ru		
745	Маркетолог-аналитик	https://spb.hh.ru/vacancy/50480621	hh.ru		
746	Аналитик	https://spb.hh.ru/vacancy/51037154	hh.ru		
747	Бизнес-аналитик	https://spb.hh.ru/vacancy/49041104	hh.ru		
748	Аналитик актуарного отдела	https://spb.hh.ru/vacancy/49197616	hh.ru		
749	Бизнес аналитик/Проектный менеджер	https://spb.hh.ru/vacancy/50756046	hh.ru		
750	Business Analyst / Бизнес аналитик	https://spb.hh.ru/vacancy/51025156	hh.ru		
751	Аналитик CRM	https://spb.hh.ru/vacancy/51652613	hh.ru		
752	Ведущий аналитик	https://spb.hh.ru/vacancy/51795169	hh.ru		
753	Аналитик товаров на маркетплейс	https://spb.hh.ru/vacancy/51490411	hh.ru		100000
754	Системный аналитик	https://spb.hh.ru/vacancy/51008298	hh.ru	100000	
755	Бизнес-аналитик	https://spb.hh.ru/vacancy/51353823	hh.ru		
756	Маркетолог-аналитик	https://spb.hh.ru/vacancy/50977733	hh.ru		
757	Бизнес-аналитик	https://spb.hh.ru/vacancy/48870883	hh.ru	50000	
758	Системный аналитик	https://spb.hh.ru/vacancy/51495860	hh.ru		
759	Старший аналитик	https://spb.hh.ru/vacancy/51468698	hh.ru	150000	
760	Бизнес-аналитик в Центр компетенций (банковская сфера)	https://spb.hh.ru/vacancy/50978051	hh.ru		
761	Аналитик по планированию	https://spb.hh.ru/vacancy/51483712	hh.ru	30000	
762	Бизнес-аналитик	https://spb.hh.ru/vacancy/51492271	hh.ru		
763	Бизнес-аналитик	https://spb.hh.ru/vacancy/49999710	hh.ru	65000	
764	Аналитик (системный/бизнес-аналитик)	https://spb.hh.ru/vacancy/51030639	hh.ru		
765	Ведущий финансовый аналитик	https://spb.hh.ru/vacancy/51793350	hh.ru		
766	Аналитик BI	https://spb.hh.ru/vacancy/50615830	hh.ru		
767	Финансовый аналитик	https://spb.hh.ru/vacancy/50839027	hh.ru		
768	Веб-аналитик	https://spb.hh.ru/vacancy/51112783	hh.ru		
769	Инвестиционный аналитик	https://spb.hh.ru/vacancy/51091934	hh.ru		
770	Специалист по анализу продаж (аналитик)	https://spb.hh.ru/vacancy/51052906	hh.ru		
771	Категорийный менеджер/Аналитик	https://spb.hh.ru/vacancy/50657372	hh.ru		55000
772	Аналітик бази даних	https://spb.hh.ru/vacancy/51428989	hh.ru		
773	Бизнес-аналитик	https://spb.hh.ru/vacancy/51487191	hh.ru		
774	Аналитик по планированию поставок	https://spb.hh.ru/vacancy/51108094	hh.ru	150000	
775	Маркетолог-аналитик	https://spb.hh.ru/vacancy/51181365	hh.ru		
776	Системный аналитик	https://spb.hh.ru/vacancy/51244347	hh.ru		
777	Аналитик на мобильное приложение	https://spb.hh.ru/vacancy/51710579	hh.ru		
778	Консультант-аналитик 1C	https://spb.hh.ru/vacancy/51624318	hh.ru		
779	Аналитик	https://spb.hh.ru/vacancy/50720006	hh.ru	120000	
780	Бизнес-аналитик	https://spb.hh.ru/vacancy/50534565	hh.ru	46000	
781	Аналитик по ассортименту	https://spb.hh.ru/vacancy/50594468	hh.ru	40000	
782	Ведущий специалист по анализу и планированию/ Аналитик	https://spb.hh.ru/vacancy/51038665	hh.ru	2300	
783	Аналитик CRM	https://spb.hh.ru/vacancy/51652613	hh.ru		
784	Веб-аналитик	https://spb.hh.ru/vacancy/47031645	hh.ru		
785	Маркетолог-аналитик	https://spb.hh.ru/vacancy/50795692	hh.ru		
786	Ведущий BPM аналитик (ELMA)	https://spb.hh.ru/vacancy/49868030	hh.ru		
787	Аналитик	https://spb.hh.ru/vacancy/47295000	hh.ru	110000	
788	Аналитик	https://spb.hh.ru/vacancy/51037154	hh.ru		
789	Системный аналитик	https://spb.hh.ru/vacancy/51005757	hh.ru		350000
790	HR analyst / HR-аналитик	https://spb.hh.ru/vacancy/51484836	hh.ru		
791	Бизнес-аналитик (ТМS)	https://spb.hh.ru/vacancy/49740402	hh.ru		
792	Системный Аналитик	https://spb.hh.ru/vacancy/50921582	hh.ru		
793	Экономист-аналитик	https://spb.hh.ru/vacancy/51541578	hh.ru	50000	
794	Аналитик	https://spb.hh.ru/vacancy/49554850	hh.ru		
795	Системный аналитик	https://spb.hh.ru/vacancy/50865272	hh.ru		
796	Системный аналитик	https://spb.hh.ru/vacancy/50765156	hh.ru		100000
797	Системный аналитик	https://spb.hh.ru/vacancy/51415468	hh.ru		
798	Бизнес-аналитик	https://spb.hh.ru/vacancy/50079781	hh.ru		
799	Ведущий аналитик	https://spb.hh.ru/vacancy/51353985	hh.ru		
